[null,{"name":"set","permissions":"NONE","restriction":"1","actions":[{"info":"0","infoIndex":"1","storage":"1","varName":"first","name":"Store Command Params"},{"info":"1","infoIndex":"2","storage":"1","varName":"second","name":"Store Command Params"},{"condition":"0","comparison":"0","value":"0","iftrue":"0","iftrueVal":"","iffalse":"3","iffalseVal":"2","name":"Check Parameters"},{"channel":"0","varName":"","message":"Help Menu: \n`set name <your name>`\n`set race <your race>`\n`set career <your career>`\n`set age <your age>`\n`set height <your height>`\n`set description <your description>`\n`set location <your location>`","storage":"0","varName2":"","name":"Send Message"},{"name":"End Action Sequence"},{"storage":"1","varName":"first","comparison":"1","value":"name","iftrue":"0","iftrueVal":"","iffalse":"3","iffalseVal":"3","name":"Check Variable"},{"member":"1","varName":"","dataName":"Name","changeType":"0","value":"tempVars(\"second\")","name":"Control Member Data"},{"channel":"0","varName":"","message":"Your name is now ${tempVars(\"second\")}","storage":"0","varName2":"","name":"Send Message"},{"name":"End Action Sequence"},{"storage":"1","varName":"first","comparison":"1","value":"race","iftrue":"0","iftrueVal":"","iffalse":"3","iffalseVal":"3","name":"Check Variable"},{"member":"1","varName":"","dataName":"Race","changeType":"0","value":"tempVars(\"second\")","name":"Control Member Data"},{"channel":"0","varName":"","message":"Your race is now ${tempVars(\"second\")}","storage":"0","varName2":"","name":"Send Message"},{"name":"End Action Sequence"},{"storage":"1","varName":"first","comparison":"1","value":"career","iftrue":"0","iftrueVal":"","iffalse":"3","iffalseVal":"3","name":"Check Variable"},{"member":"1","varName":"","dataName":"Career","changeType":"0","value":"tempVars(\"second\")","name":"Control Member Data"},{"channel":"0","varName":"","message":"Your career is now ${tempVars(\"second\")}","storage":"0","varName2":"","name":"Send Message"},{"name":"End Action Sequence"},{"storage":"1","varName":"first","comparison":"1","value":"age","iftrue":"0","iftrueVal":"","iffalse":"3","iffalseVal":"3","name":"Check Variable"},{"member":"1","varName":"","dataName":"Age","changeType":"0","value":"tempVars(\"second\")","name":"Control Member Data"},{"channel":"0","varName":"","message":"Your age is now ${tempVars(\"second\")}","storage":"0","varName2":"","name":"Send Message"},{"name":"End Action Sequence"},{"storage":"1","varName":"first","comparison":"1","value":"height","iftrue":"0","iftrueVal":"","iffalse":"3","iffalseVal":"3","name":"Check Variable"},{"member":"1","varName":"","dataName":"Height","changeType":"0","value":"tempVars(\"second\")","name":"Control Member Data"},{"channel":"0","varName":"","message":"Your height is now ${tempVars(\"second\")}","storage":"0","varName2":"","name":"Send Message"},{"name":"End Action Sequence"},{"storage":"1","varName":"first","comparison":"1","value":"description","iftrue":"0","iftrueVal":"","iffalse":"3","iffalseVal":"3","name":"Check Variable"},{"member":"1","varName":"","dataName":"Description","changeType":"0","value":"tempVars(\"second\")","name":"Control Member Data"},{"channel":"0","varName":"","message":"Your description is now ${tempVars(\"second\")}","storage":"0","varName2":"","name":"Send Message"},{"name":"End Action Sequence"},{"storage":"1","varName":"first","comparison":"1","value":"location","iftrue":"0","iftrueVal":"","iffalse":"3","iffalseVal":"3","name":"Check Variable"},{"member":"1","varName":"","dataName":"Location","changeType":"0","value":"tempVars(\"second\")","name":"Control Member Data"},{"channel":"0","varName":"","message":"Your location is now ${tempVars(\"second\")}","storage":"0","varName2":"","name":"Send Message"},{"name":"End Action Sequence"},{"channel":"0","varName":"","message":"Command not recognised, do !set for help.","storage":"0","varName2":"","name":"Send Message"}]},{"name":"info","permissions":"NONE","restriction":"1","actions":[{"condition":"0","comparison":"0","value":"0","iftrue":"3","iftrueVal":"1","iffalse":"0","iffalseVal":"","name":"Check Parameters"},{"condition":"1","comparison":"0","value":"1","iftrue":"2","iftrueVal":"13","iffalse":"2","iffalseVal":"","name":"Check Parameters"},{"member":"1","varName":"","dataName":"Name","defaultVal":"\"Error, name not defined\"","storage":"1","varName2":"name","name":"Store Member Data"},{"member":"1","varName":"","info":"2","storage":"1","varName2":"user","name":"Store Member Info"},{"member":"1","varName":"","dataName":"Race","defaultVal":"\"Error, race not yet defined.\"","storage":"1","varName2":"race","name":"Store Member Data"},{"member":"1","varName":"","dataName":"Career","defaultVal":"\"Error, career not yet defined\"","storage":"1","varName2":"career","name":"Store Member Data"},{"member":"1","varName":"","dataName":"Age","defaultVal":"\"Error, age is not yet defined\"","storage":"1","varName2":"age","name":"Store Member Data"},{"member":"1","varName":"","dataName":"Height","defaultVal":"\"Error, height is not yet defined\"","storage":"1","varName2":"height","name":"Store Member Data"},{"member":"1","varName":"","dataName":"Description","defaultVal":"\"Error, description is not yet defined\"","storage":"1","varName2":"description","name":"Store Member Data"},{"member":"1","varName":"","dataName":"Location","defaultVal":"\"Error, location is not yet defined\"","storage":"1","varName2":"location","name":"Store Member Data"},{"channel":"0","varName":"","message":"Owner : ${tempVars(\"user\")}\nName : ${tempVars(\"name\")}\nRace : ${tempVars(\"race\")}\nCareer : ${tempVars(\"career\")}\nAge : ${tempVars(\"age\")}\nHeight : ${tempVars(\"height\")}\nDescription : ${tempVars(\"description\")}\nLocation : ${tempVars(\"location\")}","storage":"0","varName2":"","name":"Send Message"},{"name":"End Action Sequence"},{"member":"0","varName":"","info":"2","storage":"1","varName2":"muser","name":"Store Member Info"},{"member":"0","varName":"","dataName":"Name","defaultVal":"\"Error, name is not yet defined\"","storage":"1","varName2":"mname","name":"Store Member Data"},{"member":"0","varName":"","dataName":"Race","defaultVal":"\"Error, race is not yet defined\"","storage":"1","varName2":"mrace","name":"Store Member Data"},{"member":"0","varName":"","dataName":"Career","defaultVal":"\"Error, career not yet defined\"","storage":"1","varName2":"mcareer","name":"Store Member Data"},{"member":"0","varName":"","dataName":"Age","defaultVal":"\"Error, age not yet defined\"","storage":"1","varName2":"mage","name":"Store Member Data"},{"member":"0","varName":"","dataName":"Height","defaultVal":"\"Error, height is not yet defined\"","storage":"1","varName2":"mheight","name":"Store Member Data"},{"member":"0","varName":"","dataName":"Description","defaultVal":"\"Error, description is not yet defined\"","storage":"1","varName2":"mdescription","name":"Store Member Data"},{"member":"0","varName":"","dataName":"Location","defaultVal":"\"Error, location is not yet defined\"","storage":"1","varName2":"mlocation","name":"Store Member Data"},{"channel":"0","varName":"","message":"Owner: ${tempVars(\"muser\")}\nName : ${tempVars(\"mname\")}\nRace : ${tempVars(\"mrace\")}\nCareer : ${tempVars(\"mcareer\")}\nAge : ${tempVars(\"mage\")}\nHeight : ${tempVars(\"mheight\")}\nDescription : ${tempVars(\"mdescription\")}\nLocation : ${tempVars(\"mlocation\")}","storage":"0","varName2":"","name":"Send Message"},{"name":"End Action Sequence"}]},{"name":"help","permissions":"NONE","restriction":"1","actions":[{"channel":"0","varName":"","message":"!help: View help menu\n!set: Set a new character sheet\n!info: View current character information, if you @ you can view their information.\n!world: Set a new world location\n!worldinfo: View world information, @ to view their world","storage":"0","varName2":"","name":"Send Message"}]},{"name":"world","permissions":"NONE","restriction":"1","actions":[{"info":"0","infoIndex":"1","storage":"1","varName":"first","name":"Store Command Params"},{"info":"1","infoIndex":"2","storage":"1","varName":"second","name":"Store Command Params"},{"condition":"0","comparison":"0","value":"0","iftrue":"0","iftrueVal":"","iffalse":"3","iffalseVal":"2","name":"Check Parameters"},{"channel":"0","varName":"","message":"Help Menu: \n`world placename <your placename>`\n`world description <your description>`\n`world location <your location>`","storage":"0","varName2":"","name":"Send Message"},{"name":"End Action Sequence"},{"storage":"1","varName":"first","comparison":"1","value":"placename","iftrue":"0","iftrueVal":"","iffalse":"3","iffalseVal":"3","name":"Check Variable"},{"member":"1","varName":"","dataName":"WName","changeType":"0","value":"tempVars(\"second\")","name":"Control Member Data"},{"channel":"0","varName":"","message":"Your name is now ${tempVars(\"second\")}","storage":"0","varName2":"","name":"Send Message"},{"name":"End Action Sequence"},{"storage":"1","varName":"first","comparison":"1","value":"description","iftrue":"0","iftrueVal":"","iffalse":"3","iffalseVal":"3","name":"Check Variable"},{"member":"1","varName":"","dataName":"WDescription","changeType":"0","value":"tempVars(\"second\")","name":"Control Member Data"},{"channel":"0","varName":"","message":"Your description is now ${tempVars(\"second\")}","storage":"0","varName2":"","name":"Send Message"},{"name":"End Action Sequence"},{"storage":"1","varName":"first","comparison":"1","value":"location","iftrue":"0","iftrueVal":"","iffalse":"3","iffalseVal":"3","name":"Check Variable"},{"member":"1","varName":"","dataName":"WLocation","changeType":"0","value":"tempVars(\"second\")","name":"Control Member Data"},{"channel":"0","varName":"","message":"Your location is now ${tempVars(\"second\")}","storage":"0","varName2":"","name":"Send Message"},{"name":"End Action Sequence"},{"channel":"0","varName":"","message":"Command not recognised, do !world for help.","storage":"0","varName2":"","name":"Send Message"}]},{"name":"worldinfo","permissions":"NONE","restriction":"1","actions":[{"condition":"0","comparison":"0","value":"0","iftrue":"3","iftrueVal":"1","iffalse":"0","iffalseVal":"","name":"Check Parameters"},{"condition":"1","comparison":"0","value":"1","iftrue":"2","iftrueVal":"9","iffalse":"2","iffalseVal":"","name":"Check Parameters"},{"member":"1","varName":"","dataName":"WName","defaultVal":"\"Error, Place name not yet defined\"","storage":"1","varName2":"wname","name":"Store Member Data"},{"member":"1","varName":"","info":"2","storage":"1","varName2":"wuser","name":"Store Member Info"},{"member":"1","varName":"","dataName":"WDescription","defaultVal":"\"Error, description is not yet defined\"","storage":"1","varName2":"wdescription","name":"Store Member Data"},{"member":"1","varName":"","dataName":"WLocation","defaultVal":"\"Error, location is not yet defined\"","storage":"1","varName2":"wlocation","name":"Store Member Data"},{"channel":"0","varName":"","message":"Owner : ${tempVars(\"wuser\")}\nName : ${tempVars(\"wname\")}\nDescription : ${tempVars(\"wdescription\")}\nLocation : ${tempVars(\"wlocation\")}","storage":"0","varName2":"","name":"Send Message"},{"name":"End Action Sequence"},{"member":"0","varName":"","info":"2","storage":"1","varName2":"mwuser","name":"Store Member Info"},{"member":"0","varName":"","dataName":"WName","defaultVal":"\"Error, name is not yet defined\"","storage":"1","varName2":"mwname","name":"Store Member Data"},{"member":"0","varName":"","dataName":"WDescription","defaultVal":"\"Error, description is not yet defined\"","storage":"1","varName2":"mwdescription","name":"Store Member Data"},{"member":"0","varName":"","dataName":"WLocation","defaultVal":"\"Error, location is not yet defined\"","storage":"1","varName2":"mwlocation","name":"Store Member Data"},{"channel":"0","varName":"","message":"Owner: ${tempVars(\"mwuser\")}\nName : ${tempVars(\"mwname\")}\nDescription : ${tempVars(\"mwdescription\")}\nLocation : ${tempVars(\"mwlocation\")}","storage":"0","varName2":"","name":"Send Message"},{"name":"End Action Sequence"}]}]