{"352110002711822338":{"Name":"Cyrillus","Race":"Breton","Career":"Mage of the College of Winterhold","Age":"24","height":false,"description":false,"location":false,"Height":"5ft 5in","Description":"scrawny with golden eyes and light brown hair, wears dirty and worn mages robes, spends a lot of time in his castle. Doesn't usually use a weapon but he does have a staff of some form of conjuration magic","Location":"Tower north of Windhelm","WDescription":"A small ruined tower, where Cyrillus spent the night, and the place where he first summoned Zahiri","WLocation":"Just north of windhelm","WName":"Cyrillus' Tower"}}